frameNumber,gpuTime,meshes,first,second
-1,15.335423991084099,0,0,0
0,0,273,273,0
0,15.33542400598526,0,0,0
0,0,277,270,7
1,14.28684800863266,0,0,0
1,0,271,270,1
1,13.500415995717049,0,0,0
2,0,274,265,9
2,12.189695999026299,256,254,2
2,12.779519990086555,268,249,19
3,12.648448005318642,262,260,2
3,12.713983997702599,255,251,4
3,12.058623999357224,247,244,3
4,12.582911998033524,249,237,12
4,13.041664004325867,241,238,3
4,12.845055997371674,241,238,3
5,12.058623999357224,236,232,4
5,13.369344010949135,236,231,5
5,12.517375990748405,234,231,3
6,13.69702398777008,250,233,17
6,13.697024002671242,250,233,17
6,12.845055997371674,234,232,2
7,13.959168002009392,237,227,10
7,12.91059198975563,237,227,10
7,13.697024002671242,231,231,0
7,11.206655994057655,231,231,0
8,9.371647998690605,219,217,2
8,9.502720013260841,226,218,8
8,10.158079996705055,222,219,3
9,10.55129599571228,228,217,11
9,11.075584009289742,226,221,5
9,10.55129599571228,231,223,8
10,11.599872007966042,237,230,7
10,11.272192001342773,231,225,6
11,11.206656008958817,226,224,2
11,11.141120001673698,226,217,9
11,11.07558399438858,224,221,3
12,11.33772799372673,222,220,2
12,11.010048002004623,215,213,2
12,11.534336000680923,213,204,9
12,10.944512009620667,205,203,2
13,11.075584009289742,195,191,4
13,11.206655994057655,197,192,5
13,9.437184005975723,192,186,6
14,10.944511994719505,194,190,4
14,9.895935997366905,193,190,3
14,9.175039991736412,197,190,7
15,9.24057599902153,197,194,3
15,8.388608008623123,195,186,9
16,8.388607993721962,192,188,4
16,9.306112006306648,196,187,9
16,8.388608008623123,192,190,2
17,9.306112006306648,193,183,10
17,10.092543989419937,191,188,3
17,9.437184005975723,190,189,1
18,8.781823992729187,184,179,5
18,9.24057599902153,179,176,3
18,9.699328005313873,177,173,4
18,9.699328005313873,184,158,26
19,10.092544004321098,192,180,12
19,9.633791998028755,189,189,0
20,10.02700799703598,180,173,7
20,10.616832002997398,194,173,21
20,9.699327990412712,191,185,6
20,12.124160006642342,217,190,27
21,12.517375990748405,221,205,16
21,10.02700799703598,209,204,5
22,12.451839998364449,214,206,8
22,10.81343999505043,205,197,8
22,12.320767998695374,233,202,31
23,13.107199996709824,242,233,9
23,10.354687988758087,242,233,9
23,10.092544004321098,236,229,7
24,11.59987199306488,238,228,10
24,9.633791998028755,237,233,4
24,10.944511994719505,243,231,12
25,10.420223996043205,242,231,11
25,12.320767998695374,234,221,13
25,10.354688003659248,230,223,7
26,11.337728008627892,235,224,11
26,11.862016007304192,237,230,7
26,10.354687988758087,226,225,1
26,10.158079996705055,219,216,3
27,10.092543989419937,218,210,8
27,10.420224010944366,207,204,3
28,11.468800008296967,200,188,12
28,12.058623999357224,211,192,19
28,10.878976002335548,201,197,4
29,10.944511994719505,201,196,5
29,11.141120001673698,211,201,10
29,10.878976002335548,216,205,11
30,13.107200011610985,231,210,21
30,12.38630399107933,232,226,6
30,12.058623999357224,235,228,7
30,9.895935997366905,229,225,4
31,14.090240001678467,234,225,9
31,13.697024002671242,248,232,16
32,13.631488010287285,0,0,0
32,0,266,246,20
32,14.352384001016617,0,0,0
33,0,258,256,2
33,14.614528000354767,0,0,0
33,0,264,259,5
34,14.54899200797081,0,0,0
34,0,263,262,1
34,12.38630399107933,263,262,1
34,12.255231991410255,255,252,3
35,13.303808003664017,262,251,11
35,11.468800008296967,255,255,0
36,12.648448005318642,252,249,3
36,11.206655994057655,244,240,4
36,11.272192001342773,244,241,3
36,13.434880003333092,256,243,13
37,12.582911998033524,256,254,2
37,13.828096002340317,264,251,13
38,13.500415995717049,264,251,13
38,13.303808003664017,0,0,0
38,0,251,243,8
38,12.845055997371674,0,0,0
39,0,243,238,5
39,13.238271996378899,239,233,6
40,13.762559995055199,239,233,6
40,12.845055997371674,239,233,6
40,14.024703994393349,247,223,24
41,12.976127997040749,254,242,12
41,13.893632009625435,0,0,0
41,0,260,253,7
41,13.565952003002167,252,249,3
42,12.058623999357224,259,248,11
42,13.17273598909378,0,0,0
42,0,270,267,3
43,11.86201599240303,276,267,9
43,14.221312001347542,265,262,3
44,14.286847993731499,265,262,3
44,12.910592004656792,265,262,3
44,13.959168002009392,265,262,3
45,13.69702398777008,265,262,3
45,13.828095987439156,265,262,3
45,14.54899200797081,286,281,5
46,14.81113600730896,0,0,0
46,0,300,290,10
46,14.614528000354767,0,0,0
47,0,293,290,3
47,14.680064007639885,0,0,0
47,0,299,278,21
47,15.138815999031067,0,0,0
48,0,292,287,5
48,15.400959998369217,0,0,0
48,0,293,286,7
49,14.417920008301735,0,0,0
49,0,304,301,3
50,14.221312001347542,0,0,0
50,0,291,284,7
50,14.548991993069649,291,284,7
51,14.81113600730896,292,283,9
51,15.007743999361992,0,0,0
51,0,300,297,3
51,15.204351991415024,0,0,0
52,0,300,293,7
52,15.007743999361992,0,0,0
53,0,299,295,4
53,14.352384001016617,0,0,0
53,0,294,292,2
54,15.007743999361992,0,0,0
54,0,297,294,3
54,15.335423991084099,0,0,0
55,0,302,298,4
55,14.221312001347542,0,0,0
55,0,306,297,9
55,14.155775994062424,0,0,0
56,0,301,297,4
56,13.631487995386124,304,300,4
56,13.565952003002167,0,0,0
57,0,306,299,7
57,14.090240001678467,0,0,0
58,0,303,300,3
58,14.745600000023842,0,0,0
58,0,318,315,3
59,15.335423991084099,0,0,0
59,0,316,315,1
59,15.532031998038292,0,0,0
59,0,312,305,7
60,15.269887998700142,0,0,0
60,0,314,309,5
60,15.007743999361992,0,0,0
61,0,314,306,8
61,16.449535995721817,0,0,0
61,0,322,316,6
62,16.38400000333786,0,0,0
62,0,324,318,6
62,16.252928003668785,0,0,0
63,0,326,318,8
63,15.990784004330635,0,0,0
64,0,320,315,5
64,16.580607995390892,0,0,0
64,0,332,309,23
64,16.64614398777485,0,0,0
65,0,323,320,3
65,18.153471991419792,0,0,0
66,0,321,319,2
66,16.318464010953903,0,0,0
66,0,322,310,12
66,16.38400000333786,0,0,0
67,0,316,313,3
67,16.449535995721817,0,0,0
67,0,323,319,4
68,16.252928003668785,0,0,0
68,0,322,317,5
68,15.728639990091324,0,0,0
69,0,0,0,0
69,0,310,305,5
69,16.449535995721817,0,0,0
70,0,0,0,0
70,0,303,300,3
70,16.580607995390892,0,0,0
72,0,0,0,0
71,0,319,306,13
71,17.95686399936676,0,0,0
73,0,0,0,0
72,0,302,297,5
72,16.12185600399971,0,0,0
74,0,0,0,0
73,0,312,297,15
73,17.039360001683235,0,0,0
74,0,0,0,0
74,0,301,295,6
74,15.204352006316185,0,0,0
75,0,0,0,0
75,0,288,283,5
75,15.990783989429474,0,0,0
77,0,0,0,0
76,0,324,308,16
76,15.532031998038292,0,0,0
77,0,0,0,0
77,0,310,305,5
77,14.811135992407799,0,0,0
78,0,0,0,0
78,0,301,296,5
78,16.449535995721817,0,0,0
79,0,0,0,0
79,0,305,298,7
79,16.056319996714592,0,0,0
80,0,294,291,3
80,15.466495990753174,0,0,0
80,0,316,312,4
81,16.252928003668785,0,0,0
81,0,305,303,2
82,14.614528000354767,0,0,0
82,0,301,296,5
82,14.942208006978035,0,0,0
82,0,307,287,20
83,16.580607995390892,0,0,0
83,0,308,304,4
84,15.794175997376442,0,0,0
84,0,305,301,4
84,15.85971200466156,0,0,0
85,0,317,296,21
85,17.563648000359535,0,0,0
85,0,315,311,4
85,15.269887998700142,0,0,0
86,0,321,305,16
86,17.629184007644653,0,0,0
86,0,324,317,7
87,16.515072003006935,0,0,0
87,0,315,313,2
87,15.400959998369217,0,0,0
88,0,332,310,22
88,16.449535995721817,0,0,0
89,0,333,332,1
89,17.891328006982803,0,0,0
90,0,0,0,0
89,0,338,327,11
90,17.301504001021385,0,0,0
91,0,0,0,0
90,0,325,324,1
91,17.49811200797558,0,0,0
92,0,0,0,0
91,0,344,318,26
91,18.02240000665188,0,0,0
93,0,0,0,0
92,0,345,332,13
92,17.563648000359535,0,0,0
94,0,0,0,0
94,0,0,0,0
93,0,342,334,8
94,18.28454400599003,0,0,0
95,0,0,0,0
96,0,0,0,0
95,0,330,329,1
95,15.794175997376442,0,0,0
97,0,0,0,0
97,0,0,0,0
96,0,334,318,16
96,15.990783989429474,0,0,0
98,0,0,0,0
98,0,0,0,0
97,0,335,325,10
98,18.02240000665188,0,0,0
99,0,0,0,0
100,0,0,0,0
98,0,334,322,12
99,17.563648000359535,0,0,0
101,0,0,0,0
101,0,0,0,0
100,0,331,319,12
100,18.087935999035835,0,0,0
102,0,0,0,0
102,0,0,0,0
101,0,322,320,2
101,17.629183992743492,0,0,0
103,0,0,0,0
103,0,0,0,0
102,0,297,296,1
103,15.728640004992485,0,0,0
104,0,0,0,0
104,0,290,279,11
104,14.745600000023842,0,0,0
105,0,0,0,0
105,0,276,266,10
105,14.614528000354767,0,0,0
107,0,0,0,0
106,0,269,268,1
106,13.69702398777008,0,0,0
107,0,266,259,7
107,14.876671999692917,0,0,0
108,0,271,263,8
108,15.794175997376442,0,0,0
108,0,273,263,10
108,16.12185600399971,0,0,0
109,0,283,279,4
109,15.466495990753174,0,0,0
109,0,271,267,4
110,12.451839998364449,0,0,0
110,0,271,261,10
111,14.548991993069649,0,0,0
111,0,264,260,4
111,15.859711989760399,0,0,0
112,0,273,264,9
112,15.204352006316185,0,0,0
112,0,262,258,4
112,12.779519990086555,262,258,4
113,13.500415995717049,265,260,5
113,11.730943992733955,265,260,5
113,14.81113600730896,254,245,9
114,12.713983997702599,254,242,12
114,13.238271996378899,255,246,9
115,15.138815999031067,0,0,0
115,0,265,259,6
115,14.02470400929451,265,259,6
116,14.155775994062424,0,0,0
116,0,240,240,0
116,11.403264001011848,236,229,7
117,11.468800008296967,240,234,6
117,12.517375990748405,234,232,2
117,12.189695999026299,237,229,8
118,11.010048002004623,230,225,5
118,13.369343996047974,232,224,8
118,12.91059198975563,232,224,8
119,10.944511994719505,232,224,8
119,10.747903987765312,227,219,8
119,8.519679993391037,214,213,1
120,9.306112006306648,215,213,2
120,8.126464009284973,209,202,7
120,9.306112006306648,214,203,11
121,9.306111991405487,213,212,1
121,9.568255990743637,217,206,11
121,8.847360000014305,207,205,2
122,8.847360000014305,203,200,3
122,10.878976002335548,205,199,6
122,11.599872007966042,212,201,11
122,12.845055997371674,210,209,1
123,10.354687988758087,207,204,3
123,10.158079996705055,196,193,3
123,9.895935997366905,193,191,2
124,8.912895992398262,193,187,6
124,8.847360000014305,189,187,2
124,8.650751993060112,193,181,12
125,9.437184005975723,193,181,12
125,13.565951988101006,224,186,38
125,10.747904002666473,234,220,14
126,9.371647998690605,233,232,1
126,9.175040006637573,234,229,5
126,10.420224010944366,245,230,15
127,10.616832002997398,249,239,10
127,10.878975987434387,253,247,6
127,10.878976002335548,254,249,5
128,12.189695999026299,253,251,2
128,10.81343999505043,230,227,3
128,11.206655994057655,232,228,4
129,11.206656008958817,233,229,4
129,12.713983997702599,233,228,5
130,12.97612801194191,233,230,3
130,14.942207992076874,0,0,0
130,0,246,238,8
130,15.138815999031067,0,0,0
131,0,246,242,4
131,14.28684800863266,0,0,0
131,0,253,238,15
132,14.221312001347542,254,250,4
132,14.090240001678467,259,249,10
132,14.614528000354767,254,251,3
133,14.286847993731499,253,249,4
133,12.255232006311417,262,249,13
133,15.138815999031067,0,0,0
134,0,259,256,3
134,12.845055997371674,264,257,7
134,14.155775994062424,265,263,2
135,12.320767998695374,258,258,0
135,13.565952003002167,266,254,12
135,13.828096002340317,262,261,1
136,12.124160006642342,265,258,7
136,12.910592004656792,258,255,3
136,12.320767998695374,256,248,8
137,13.50041601061821,260,253,7
137,13.369343996047974,258,255,3
137,14.614528000354767,262,257,5
138,13.369343996047974,254,253,1
138,14.352384001016617,256,248,8
138,14.614528000354767,256,248,8
139,13.041664004325867,260,258,2
139,12.713983997702599,255,252,3
139,14.614528000354767,255,249,6
140,14.352384001016617,258,250,8
140,13.369343996047974,264,257,7
140,14.090240001678467,264,262,2
141,14.483456000685692,263,262,1
141,11.796480000019073,256,254,2
141,11.534336000680923,248,244,4
142,10.878976002335548,252,244,8
142,12.910592004656792,258,249,9
142,12.451839998364449,257,252,5
143,12.255232006311417,259,255,4
143,14.483456000685692,261,258,3
143,13.828095987439156,263,260,3
144,14.024703994393349,253,249,4
144,13.893631994724274,252,246,6
144,13.762559995055199,255,248,7
145,13.565951988101006,255,251,4
145,14.024703994393349,258,250,8
145,13.565952003002167,245,244,1
146,13.697024002671242,240,236,4
146,12.779520004987717,240,234,6
146,13.631487995386124,237,235,2
147,13.303808003664017,237,235,2
147,13.828096002340317,241,235,6
147,13.697024002671242,238,237,1
148,12.582912012934685,241,238,3
148,12.779520004987717,244,240,4
148,11.468800008296967,241,235,6
149,11.403264001011848,242,237,5
149,11.337728008627892,240,236,4
149,11.141120001673698,245,239,6
150,11.272192001342773,241,236,5
150,11.272192001342773,240,234,6
150,10.878976002335548,234,232,2
151,9.437184005975723,237,233,4
151,10.485759988427162,244,232,12
151,10.944512009620667,244,242,2
152,11.468799993395805,247,240,7
152,10.55129599571228,238,236,2
152,11.010047987103462,236,228,8
153,10.28915199637413,238,234,4
153,10.158079996705055,237,234,3
153,11.07558399438858,236,231,5
154,10.485760003328323,215,213,2
154,10.28915199637413,214,207,7
154,10.747903987765312,212,206,6
155,10.354688003659248,213,210,3
155,10.28915199637413,209,207,2
155,11.206656008958817,209,201,8
156,10.289152011275291,205,201,4
156,10.55129599571228,207,204,3
156,10.878976002335548,207,204,3
157,10.813440009951591,210,204,6
157,11.534336000680923,213,205,8
157,11.796480000019073,222,212,10
158,11.468799993395805,219,208,11
158,11.010048002004623,201,199,2
158,10.944511994719505,203,198,5
159,11.010048002004623,205,194,11
159,10.944512009620667,205,202,3
159,10.944511994719505,193,188,5
160,10.092544004321098,194,190,4
160,10.878976002335548,194,192,2
160,9.175040006637573,194,193,1
161,9.895935997366905,193,185,8
161,10.878976002335548,189,186,3
161,8.97843199968338,190,187,3
162,8.912895992398262,190,188,2
162,9.306111991405487,200,176,24
162,9.568256005644798,202,199,3
163,7.536639988422394,188,187,1
163,7.667711988091469,187,183,4
164,7.602175995707512,183,181,2
164,7.66771200299263,184,181,3
164,7.471104010939598,182,182,0
164,7.40556800365448,179,175,4
165,7.40556800365448,175,175,0
165,8.19200000166893,186,173,13
166,7.733247995376587,190,185,5
166,7.602176010608673,188,186,2
166,7.536640003323555,183,179,4
167,7.208959996700287,179,178,1
167,7.077887997031212,173,172,1
167,7.14342400431633,176,171,5
168,7.536640003323555,180,173,7
168,7.14342400431633,176,174,2
168,7.995391994714737,176,175,1
168,8.19200000166893,185,175,10
169,9.568255990743637,189,183,6
169,8.060928001999855,181,181,0
169,7.012351989746094,166,165,1
170,6.488064005970955,154,152,2
170,6.88128000497818,158,148,10
170,7.340031996369362,160,154,6
171,7.602175995707512,159,156,3
171,7.208959996700287,159,158,1
172,6.881279990077019,166,156,10
172,6.553600013256073,163,161,2
172,6.815743997693062,156,155,1
172,6.946815997362137,141,137,4
173,7.077887997031212,143,140,3
173,7.536640003323555,138,137,1
173,6.815743997693062,136,135,1
174,6.946815997362137,137,130,7
174,7.995391994714737,134,128,6
175,8.847360000014305,139,124,15
175,8.060928001999855,134,134,0
175,8.585216000676155,134,132,2
175,8.97843199968338,134,128,6
176,7.274495989084244,132,131,1
176,7.92985600233078,130,129,1
176,5.373952001333237,122,118,4
177,6.291455999016762,123,121,2
177,5.767168000340462,119,118,1
177,5.505024001002312,119,119,0
178,5.242880001664162,118,115,3
178,6.029311999678612,124,118,6
178,6.291456013917923,132,122,10
179,6.094847992062569,130,130,0
179,5.636096000671387,123,121,2
179,5.898240000009537,121,120,1
180,5.898240000009537,124,121,3
180,6.160383999347687,123,121,2
180,6.946815997362137,126,122,4
181,7.143423989415169,126,124,2
181,6.684671998023987,123,122,1
182,6.488063991069794,120,120,0
182,6.750208005309105,127,117,10
182,7.405567988753319,125,120,5
183,7.92985600233078,130,123,7
183,8.060928001999855,127,125,2
183,8.97843199968338,122,117,5
184,7.340031996369362,120,118,2
184,6.684671998023987,120,119,1
184,7.405567988753319,120,118,2
185,7.274496003985405,117,117,0
185,7.14342400431633,128,111,17
185,8.19200000166893,130,127,3
185,7.864319995045662,123,121,2
186,7.66771200299263,120,118,2
186,7.929855987429619,132,119,13
187,8.45414400100708,139,125,14
187,8.323072001338005,129,123,6
187,8.71628800034523,130,128,2
188,8.519679993391037,141,127,14
188,6.88128000497818,141,139,2
188,6.488064005970955,127,124,3
189,5.505024001002312,122,120,2
189,5.111808001995087,114,112,2
189,5.177344009280205,112,110,2
190,5.111808001995087,112,108,4
190,5.701632007956505,130,112,18
190,5.701632007956505,129,128,1
191,6.029311999678612,128,127,1
191,5.439488008618355,111,107,4
191,5.505024001002312,111,106,5
192,5.505024001002312,110,108,2
192,5.57056000828743,109,107,2
192,5.570559993386269,105,103,2
193,6.029311999678612,109,100,9
193,7.012351989746094,100,100,0
193,5.636096000671387,84,81,3
193,6.160383999347687,81,79,2
194,6.09484800696373,85,80,5
194,6.553599998354912,80,80,0
194,7.40556800365448,73,73,0
195,6.750207990407944,71,70,1
195,7.012352004647255,75,68,7
196,8.126463994383812,72,70,2
196,6.815743997693062,64,63,1
196,5.177344009280205,55,52,3
196,6.029311999678612,52,52,0
197,4.587520003318787,43,43,0
197,5.636096000671387,44,42,2
198,4.063232004642487,33,33,0
198,3.9976959973573685,28,28,0
198,4.063231989741325,26,26,0
199,4.1287679970264435,25,25,0
199,3.9976960122585297,26,24,2
199,3.9976959973573685,28,26,2
199,4.2598399966955185,30,28,2
200,5.046271994709969,28,28,0
200,4.063232004642487,27,27,0
201,4.8496639877557755,2,2,0
201,4.718592002987862,2,2,0
201,5.898240000009537,1,1,0
201,5.04627200961113,1,1,0
202,5.57056000828743,1,1,0
202,5.242880001664162,1,1,0
203,5.898240000009537,1,1,0
203,4.7841279953718185,1,1,0
203,5.177343994379044,1,1,0
203,4.325375989079475,1,1,0
204,4.7841279953718185,1,1,0
204,4.325376003980637,1,1,0
204,4.3909119963645935,1,1,0
205,4.325375989079475,1,1,0
205,4.45644798874855,1,1,0
206,3.6700160056352615,1,1,0
206,3.6044799983501434,1,1,0
206,3.6700159907341003,1,1,0
207,3.6700160056352615,1,1,0
207,3.6044799983501434,1,1,0
207,28.966912001371384,0,0,0
208,0,0,0,0
208,0,422,422,0
208,13.565951988101006,0,0,0
209,0,228,223,5
209,15.269887998700142,0,0,0
209,0,229,226,3
209,12.779520004987717,0,0,0
210,0,223,216,7
210,14.942207992076874,0,0,0
211,0,231,220,11
211,12.779520004987717,231,225,6
211,14.155776008963585,233,226,7
211,13.76256000995636,237,228,9
212,13.959168002009392,236,231,5
212,13.107199996709824,238,225,13
212,12.976127997040749,239,235,4
213,12.255231991410255,220,213,7
213,12.320767998695374,206,195,11
214,11.468800008296967,203,201,2
214,11.730943992733955,197,193,4
214,11.534336000680923,197,194,3
215,12.058623999357224,191,186,5
215,9.371647998690605,189,184,5
215,9.895935997366905,192,184,8
216,9.24057599902153,187,184,3
216,8.912896007299423,183,180,3
216,9.50271999835968,183,174,9
216,9.633791998028755,182,180,2
217,9.371647998690605,171,167,4
217,8.781823992729187,166,160,6
217,8.126463994383812,168,165,3
218,11.206655994057655,171,166,5
218,10.092544004321098,170,166,4
218,10.420223996043205,172,170,2
219,10.944511994719505,175,171,4
219,11.010048002004623,172,167,5
220,11.272192001342773,176,170,6
220,11.534336000680923,178,175,3
220,11.206655994057655,188,178,10
220,11.468799993395805,198,182,16
221,11.206656008958817,204,194,10
221,12.451839998364449,206,200,6
222,11.796480000019073,206,200,6
222,10.878976002335548,194,192,2
222,11.337728008627892,194,191,3
222,11.796480000019073,198,190,8
223,10.485760003328323,200,195,5
223,12.12415999174118,202,200,2
223,10.616831988096237,202,200,2
224,9.633791998028755,198,195,3
224,9.568256005644798,195,192,3
224,9.043967992067337,197,195,2
225,9.633791998028755,197,195,2
225,9.830399990081787,196,195,1
225,9.50271999835968,195,190,5
226,10.55129599571228,197,194,3
226,10.747904002666473,199,195,4
226,11.141120001673698,204,197,7
227,10.878976002335548,206,200,6
227,11.272192001342773,200,197,3
228,12.582911998033524,204,198,6
228,11.534336000680923,207,200,7
228,11.59987199306488,208,204,4
229,11.599872007966042,208,206,2
229,11.796480000019073,207,204,3
229,11.599872007966042,197,194,3
229,11.796480000019073,197,197,0
230,12.058623999357224,201,196,5
230,11.796480000019073,201,198,3
230,12.18969601392746,197,190,7
231,12.058623999357224,196,192,4
231,12.320767998695374,202,192,10
231,11.534336000680923,202,200,2
232,12.582911998033524,204,198,6
232,13.303808003664017,204,199,5
233,12.648448005318642,200,197,3
233,11.665408000349998,188,186,2
233,10.223616003990173,193,183,10
233,10.682368010282516,196,192,4
234,10.354687988758087,189,189,0
234,10.28915199637413,186,182,4
235,10.28915199637413,188,180,8
235,11.272191986441612,190,186,4
235,10.420224010944366,186,184,2
236,11.665408000349998,185,181,4
236,11.206655994057655,186,180,6
236,10.813440009951591,159,154,5
237,11.337728008627892,157,153,4
237,12.124160006642342,157,154,3
237,11.010048002004623,151,150,1
238,11.403264001011848,151,148,3
238,10.944512009620667,151,148,3
238,11.141120001673698,156,151,5
239,11.403264001011848,159,155,4
239,13.303808003664017,157,156,1
239,11.927551999688148,151,149,2
240,11.993088006973267,152,149,3
240,12.38630399107933,150,149,1
240,11.796480000019073,156,148,8
241,11.927551999688148,154,153,1
241,10.81343999505043,151,147,4
241,9.437183991074562,151,149,2
242,10.092544004321098,150,148,2
242,9.699327990412712,141,139,2
242,10.092543989419937,151,139,12
242,11.141120001673698,153,151,2
243,10.944511994719505,151,150,1
243,11.010048002004623,150,149,1
243,10.747904002666473,148,146,2
244,11.206655994057655,147,145,2
244,11.403264001011848,149,144,5
244,11.862016007304192,149,147,2
245,11.468799993395805,149,148,1
245,11.665408000349998,147,147,0
246,11.534336000680923,147,145,2
246,11.730943992733955,147,147,0
246,11.534336000680923,137,127,10
246,11.862016007304192,138,136,2
247,10.092543989419937,137,137,0
247,10.747903987765312,136,134,2
247,9.830399990081787,132,130,2
248,9.24057599902153,130,127,3
248,9.043967992067337,129,127,2
248,8.585216000676155,128,127,1
249,9.240576013922691,133,126,7
249,10.485759988427162,134,132,2
250,8.585216000676155,119,112,7
250,9.502720013260841,119,117,2
250,9.633791998028755,120,117,3
250,10.420224010944366,118,116,2
251,9.961471989750862,117,113,4
251,10.158079996705055,116,110,6
252,10.092544004321098,114,114,0
252,10.28915199637413,112,112,0
252,9.306112006306648,97,94,3
253,9.699328005313873,100,97,3
253,9.961472004652023,97,96,1
253,8.191999986767769,91,90,1
253,7.733248010277748,91,91,0
254,6.815743997693062,88,86,2
254,7.077887997031212,74,74,0
255,6.488064005970955,75,74,1
255,6.029311999678612,69,69,0
255,5.898240000009537,67,67,0
255,5.30841600894928,53,50,3
256,5.177344009280205,51,51,0
256,6.029311999678612,49,49,0
257,4.5219839960336685,31,30,1
257,6.815743997693062,31,30,1
257,7.208960011601448,30,30,0
257,10.092544004321098,63,5,58
258,12.124160006642342,87,62,25
258,11.403264001011848,117,86,31
259,10.878976002335548,128,117,11
259,10.682367995381355,142,122,20
259,8.847360000014305,149,136,13
259,8.585216000676155,157,142,15
260,10.354688003659248,174,156,18
260,9.175039991736412,177,162,15
261,10.747904002666473,185,176,9
261,9.109503999352455,173,172,1
261,9.895935997366905,193,169,24
262,9.50271999835968,200,192,8
262,8.781824007630348,185,184,1
262,8.585216000676155,168,161,7
262,8.519679993391037,158,157,1
263,8.257535994052887,156,153,3
263,7.995392009615898,154,153,1
264,7.471104010939598,142,142,0
264,8.585216000676155,148,137,11
264,8.97843199968338,143,142,1
265,8.781824007630348,134,134,0
265,8.781823992729187,131,131,0
265,9.24057599902153,124,123,1
266,8.323072001338005,119,119,0
266,7.92985600233078,109,106,3
266,6.881279990077019,109,108,1
267,6.815743997693062,103,102,1
267,5.111808001995087,94,81,13
267,4.980736002326012,81,80,1
268,5.636096000671387,105,75,30
268,5.439487993717194,98,93,5
268,7.798784002661705,179,80,99
268,10.485760003328323,234,163,71
269,11.206655994057655,252,231,21
269,12.058623999357224,280,245,35
270,13.631487995386124,0,0,0
270,0,287,274,13
270,13.107199996709824,0,0,0
270,0,283,273,10
271,13.828096002340317,0,0,0
271,0,299,275,24
272,14.221312001347542,0,0,0
272,0,305,297,8
272,14.417920008301735,0,0,0
272,0,302,298,4
273,15.597567990422249,0,0,0
273,0,292,288,4
274,15.663103997707367,0,0,0
274,0,297,291,6
274,14.483456000685692,297,291,6
275,14.352384001016617,0,0,0
275,0,287,284,3
275,14.286847993731499,0,0,0
275,0,276,273,3
276,14.024703994393349,275,274,1
276,13.303808003664017,271,264,7
276,14.090240001678467,270,268,2
277,12.386304005980492,270,268,2
277,13.303808003664017,276,267,9
277,11.468799993395805,272,271,1
278,11.59987199306488,275,269,6
278,12.64844799041748,276,271,5
278,13.500415995717049,275,272,3
279,13.43487998843193,275,271,4
279,13.172736003994942,270,266,4
279,13.107199996709824,270,266,4
280,13.107199996709824,271,256,15
280,13.959168002009392,0,0,0
280,0,269,267,2
281,12.845055997371674,271,269,2
281,13.76256000995636,272,267,5
282,13.369343996047974,270,268,2
282,12.517376005649567,270,268,2
282,13.828096002340317,263,259,4
282,14.352384001016617,0,0,0
283,0,266,260,6
283,12.97612801194191,266,260,6
284,14.02470400929451,0,0,0
284,0,257,256,1
284,11.206655994057655,252,248,4
284,12.058623999357224,249,244,5
285,12.189695999026299,253,247,6
285,12.189695999026299,258,250,8
286,11.796480000019073,259,255,4
286,12.779519990086555,263,258,5
286,13.565952003002167,267,258,9
286,14.155776008963585,267,267,0
287,14.352384001016617,258,255,3
287,12.779520004987717,251,250,1
287,12.451839998364449,250,247,3
288,12.976127997040749,252,244,8
288,12.648448005318642,255,248,7
289,13.500415995717049,262,252,10
289,12.845055997371674,262,252,10
289,12.845056012272835,250,241,9
289,14.090240001678467,253,242,11
290,12.713983997702599,243,240,3
290,13.565951988101006,240,237,3
291,12.12415999174118,229,218,11
291,12.648448005318642,226,223,3
291,10.682367995381355,210,203,7
292,10.223616003990173,213,206,7
292,9.371647998690605,210,206,4
292,8.71628800034523,209,205,4
292,9.175040006637573,203,201,2
293,8.257535994052887,201,183,18
293,8.912895992398262,205,195,10
293,9.76486399769783,206,199,7
294,10.223616003990173,198,196,2
294,10.616832002997398,199,191,8
294,10.223616003990173,196,193,3
295,10.223616003990173,188,187,1
295,9.961472004652023,184,179,5
296,10.092544004321098,184,181,3
296,10.158079996705055,180,177,3
296,10.354688003659248,181,177,4
296,8.257535994052887,180,176,4
297,8.71628800034523,182,178,4
297,8.388607993721962,181,175,6
297,8.388607993721962,180,169,11
298,8.781824007630348,181,177,4
298,7.733248010277748,180,179,1
298,7.995391994714737,179,175,4
299,7.864319995045662,176,172,4
299,7.602175995707512,168,163,5
299,9.043968006968498,170,166,4
300,8.323072001338005,164,163,1
300,8.19200000166893,158,152,6
301,7.798784002661705,155,153,2
301,8.912895992398262,164,148,16
301,9.175040006637573,165,162,3
301,9.568255990743637,163,158,5
302,9.371648013591766,158,154,4
302,8.97843199968338,155,151,4
303,9.568256005644798,155,149,6
303,9.437184005975723,155,147,8
303,9.437184005975723,158,150,8
303,9.371648013591766,158,156,2
304,7.995392009615898,162,156,6
304,9.699328005313873,169,159,10
304,9.830400004982948,175,165,10
305,8.847360000014305,171,170,1
305,8.585215985774994,167,162,5
306,8.45414400100708,170,147,23
306,8.388607993721962,166,164,2
306,8.126463994383812,162,159,3
307,7.405567988753319,154,152,2
307,7.340031996369362,154,151,3
307,7.536639988422394,161,152,9
307,7.602175995707512,164,155,9
308,7.602175995707512,164,161,3
308,7.798784002661705,165,160,5
309,8.45414400100708,158,154,4
309,8.323072001338005,153,152,1
309,6.881279990077019,146,140,6
310,7.66771200299263,145,137,8
310,7.66771200299263,144,141,3
310,7.471103996038437,138,136,2
310,9.50271999835968,142,137,5
311,8.519680008292198,138,132,6
311,7.667711988091469,117,112,5
311,7.274495989084244,112,111,1
312,8.650751993060112,116,111,5
312,7.14342400431633,112,106,6
313,9.306111991405487,132,111,21
313,9.043967992067337,145,122,23
313,8.585216000676155,147,144,3
313,8.323072001338005,156,144,12
314,7.340031996369362,152,147,5
314,7.274496003985405,152,142,10
315,7.340031996369362,152,149,3
315,7.340031996369362,150,150,0
315,7.340032011270523,149,145,4
316,7.536640003323555,152,145,7
316,7.471103996038437,154,151,3
316,7.864320009946823,140,139,1
316,7.929855987429619,142,136,6
317,8.781823992729187,144,139,5
317,8.585216000676155,142,142,0
317,8.71628800034523,145,139,6
318,9.371648013591766,142,140,2
318,8.323072001338005,134,134,0
318,9.109503999352455,132,131,1
319,8.650752007961273,131,127,4
319,8.912895992398262,127,123,4
320,8.257535994052887,128,125,3
320,6.750208005309105,118,116,2
320,7.012352004647255,122,118,4
321,7.077887997031212,121,119,2
321,6.356991991400719,120,119,1
321,7.012352004647255,115,115,0
321,6.160383999347687,113,112,1
322,6.225919991731644,112,111,1
322,6.356991991400719,111,110,1
323,6.422527998685837,108,107,1
323,6.225920006632805,100,100,0
323,7.208959996700287,90,87,3
324,7.40556800365448,91,89,2
324,7.536640003323555,95,90,5
324,6.946815997362137,94,93,1
324,6.356991991400719,93,93,0
325,6.291455999016762,93,89,4
325,7.798784002661705,93,92,1
326,7.536640003323555,92,92,0
326,7.40556800365448,83,81,2
326,6.88128000497818,81,81,0
326,7.40556800365448,84,80,4
327,7.208959996700287,76,75,1
327,7.077887997031212,81,75,6
327,6.750208005309105,79,79,0
328,4.325376003980637,61,59,2
328,4.915200009942055,59,58,1
328,4.915200009942055,60,59,1
329,4.7841279953718185,57,55,2
329,4.980736002326012,56,56,0
330,4.915200009942055,50,46,4
330,5.04627200961113,48,48,0
330,5.439488008618355,50,47,3
330,5.832703992724419,51,48,3
331,5.636096000671387,50,49,1
331,4.063232004642487,19,19,0
331,4.1287679970264435,19,19,0
332,4.063232004642487,19,19,0
332,4.063231989741325,19,19,0
333,4.128768011927605,19,19,0
333,5.242880001664162,14,14,0
333,6.029312014579773,13,13,0
333,6.225919991731644,13,13,0
334,6.160383999347687,13,13,0
334,5.505024001002312,13,13,0
334,6.488063991069794,14,13,1
335,4.9151999950408936,14,14,0
335,5.439488008618355,14,14,0
335,4.7185919880867,2,2,0
336,4.9151999950408936,2,2,0
336,4.6530559957027435,2,2,0
337,4.325376003980637,2,2,0
337,3.6044799983501434,2,2,0
337,3.8666239976882935,3,2,1
338,3.8010880053043365,2,2,0
338,3.6700160056352615,2,2,0
338,3.7355519980192184,2,2,0
338,3.8010879904031754,2,2,0
339,3.8010880053043365,2,2,0
339,3.7355519980192184,2,2,0
340,3.8010880053043365,2,2,0
340,3.6044799983501434,1,1,0
340,3.6700159907341003,1,1,0
340,3.5389440059661865,1,1,0
341,3.5389440059661865,1,1,0
341,3.7355519980192184,1,1,0
342,3.5389439910650253,1,1,0
342,4.7841279953718185,1,1,0
342,4.7185919880867,1,1,0
342,5.898240000009537,1,1,0
343,4.325376003980637,1,1,0
343,5.570559993386269,1,1,0
344,5.963776007294655,1,1,0
344,5.046271994709969,1,1,0
344,5.373952001333237,1,1,0
345,4.325376003980637,1,1,0
345,6.029311999678612,28,1,27
345,6.160383999347687,43,25,18
346,9.175040006637573,64,40,24
346,8.650751993060112,69,64,5
346,9.175040006637573,94,68,26
347,10.485760003328323,119,92,27
347,7.733247995376587,119,118,1
347,8.126463994383812,109,101,8
347,7.14342400431633,116,103,13
348,6.61913600564003,113,113,0
348,6.815744012594223,116,106,10
349,6.881279990077019,115,115,0
349,6.61913600564003,114,112,2
349,6.291456013917923,105,105,0
349,5.898240000009537,99,97,2
350,6.684671998023987,90,88,2
350,7.536639988422394,89,89,0
351,7.012352004647255,82,80,2
351,6.553599998354912,77,76,1
351,7.14342400431633,77,75,2
352,7.733248010277748,77,76,1
352,7.536639988422394,75,75,0
352,7.536640003323555,76,75,1
353,7.864319995045662,88,74,14
353,7.40556800365448,103,86,17
353,9.437183991074562,120,100,20
353,8.060928001999855,126,118,8
354,6.946815997362137,119,116,3
354,7.340031996369362,122,117,5
354,8.323072001338005,137,115,22
355,8.45414400100708,140,137,3
355,7.864319995045662,130,127,3
355,10.092544004321098,134,128,6
356,9.633792012929916,134,132,2
356,9.306112006306648,129,127,2
356,9.371647998690605,122,115,7
357,8.912895992398262,120,118,2
357,8.97843199968338,109,105,4
357,7.92985600233078,104,103,1
358,7.929855987429619,99,99,0
358,7.536640003323555,101,99,2
359,9.699328005313873,120,98,22
359,10.223615989089012,122,118,4
359,9.699328005313873,124,114,10
359,10.28915199637413,122,119,3
360,8.45414400100708,119,118,1
360,10.092543989419937,132,114,18
361,10.551296010613441,136,129,7
361,9.306111991405487,138,133,5
361,9.437183991074562,142,137,5
361,7.602175995707512,132,131,1
362,7.077887997031212,117,116,1
362,7.274495989084244,120,112,8
363,7.340031996369362,119,115,4
363,6.750208005309105,115,113,2
363,6.684671998023987,110,107,3
363,7.012352004647255,109,107,2
364,6.88128000497818,103,98,5
364,6.553599998354912,97,97,0
364,7.012352004647255,98,95,3
365,8.060928001999855,99,94,5
365,7.077887997031212,101,99,2
366,7.995391994714737,101,95,6
366,7.667711988091469,86,86,0
366,6.422527998685837,86,84,2
367,6.946815997362137,84,83,1
367,5.373952001333237,80,79,1
367,5.373952001333237,72,71,1
368,4.849664002656937,68,60,8
368,4.7841279953718185,70,67,3
368,4.78412801027298,66,65,1
368,4.6530559957027435,66,63,3
369,5.308415994048119,66,64,2
369,6.225919991731644,68,66,2
370,6.815743997693062,76,67,9
370,8.519680008292198,78,76,2
370,7.733247995376587,78,76,2
370,6.61913600564003,75,71,4
371,5.963776007294655,75,74,1
371,5.046271994709969,76,75,1
371,6.029311999678612,76,74,2
372,6.225920006632805,86,72,14
372,5.242880001664162,79,79,0
372,4.5219839960336685,69,67,2
373,4.325376003980637,63,62,1
373,4.7841279953718185,63,63,0
373,4.653056010603905,62,62,0
374,4.980736002326012,63,61,2
374,5.177343994379044,64,63,1
374,6.488063991069794,61,61,0
375,6.029311999678612,64,61,3
375,6.09484800696373,63,62,1
376,7.077887997031212,60,59,1
376,6.750208005309105,57,57,0
376,6.488063991069794,53,51,2
377,7.733248010277748,53,53,0
377,7.274496003985405,50,50,0
377,8.912896007299423,51,49,2
378,7.40556800365448,51,50,1
378,5.373952001333237,51,50,1
378,5.636096000671387,49,49,0
379,5.636096000671387,48,48,0
379,3.8010880053043365,29,29,0
379,3.8666239976882935,27,27,0
379,4.3909119963645935,27,26,1
380,3.5389440059661865,20,20,0
380,3.6044800132513046,14,10,4
381,3.9321600049734116,15,14,1
381,4.9151999950408936,31,15,16
381,5.701631993055344,46,31,15
381,6.029311999678612,49,46,3
382,5.898240000009537,48,48,0
382,5.767168000340462,46,46,0
383,5.898240000009537,46,46,0
383,5.767168000340462,47,46,1
383,5.505024001002312,50,47,3
384,6.488064005970955,50,50,0
384,6.160383999347687,50,49,1
384,6.225920006632805,49,49,0
385,6.815743997693062,53,48,5
385,7.864319995045662,53,53,0
385,8.19200000166893,53,52,1
386,7.995391994714737,54,53,1
386,7.864319995045662,50,49,1
386,5.570559993386269,49,49,0
387,7.208959996700287,49,48,1
387,4.7841279953718185,49,48,1
387,4.7185919880867,46,46,0
387,4.849664002656937,42,42,0
388,4.2598399966955185,35,34,1
388,4.390912011265755,35,35,0
388,4.6530559957027435,35,34,1
389,4.587520003318787,35,35,0
389,4.980736002326012,32,31,1
390,5.30841600894928,31,31,0
390,4.1287679970264435,7,6,1
390,5.373952001333237,7,7,0
390,5.242880001664162,6,6,0
391,5.373952001333237,5,5,0
391,4.9151999950408936,5,5,0
392,5.111808001995087,5,5,0
392,9.306111991405487,43,4,39
392,7.995392009615898,45,42,3
393,5.505024001002312,28,28,0
393,9.76486399769783,85,28,57
393,14.81113600730896,0,0,0
394,0,197,147,50
394,13.762559995055199,0,0,0
394,0,214,212,2
395,13.172736003994942,0,0,0
395,0,228,216,12
395,10.55129599571228,214,212,2
396,9.830400004982948,205,201,4
396,10.485760003328323,189,186,3
396,8.519679993391037,179,173,6
397,9.109503999352455,178,171,7
397,9.961472004652023,178,170,8
397,10.420223996043205,176,174,2
398,10.878976002335548,188,175,13
398,10.420223996043205,189,184,5
398,11.272192001342773,201,185,16
399,11.86201599240303,206,195,11
399,11.993088006973267,213,204,9
399,11.534336000680923,206,201,5
399,11.730943992733955,208,203,5
400,11.665408000349998,201,196,5
400,11.33772799372673,205,197,8
401,11.86201599240303,198,197,1
401,11.927551999688148,199,190,9
401,11.927551999688148,198,197,1
401,14.090240001678467,257,196,61
402,16.056319996714592,0,0,0
402,0,326,266,60
403,16.97382400929928,0,0,0
403,0,333,318,15
403,17.235967993736267,0,0,0
404,0,337,329,8
404,16.777216002345085,0,0,0
404,0,332,326,6
405,16.38400000333786,0,0,0
405,0,330,323,7
405,16.973823994398117,0,0,0
406,0,331,325,6
406,15.663103997707367,0,0,0
406,0,329,316,13
406,16.580608010292053,0,0,0
407,0,337,327,10
407,18.153471991419792,0,0,0
408,0,334,325,9
408,16.842751994729042,0,0,0
408,0,335,328,7
409,17.104895994067192,0,0,0
409,0,325,319,6
410,0,0,0,0
409,16.842751994729042,0,0,0
410,0,320,309,11
411,0,0,0,0
410,16.318463996052742,0,0,0
411,0,299,294,5
412,0,0,0,0
411,15.794176012277603,0,0,0
412,0,300,294,6
413,0,0,0,0
412,14.81113600730896,0,0,0
412,0,287,282,5
413,14.614528000354767,0,0,0
414,0,252,236,16
414,15.400959998369217,0,0,0
414,0,301,286,15
415,15.532031998038292,0,0,0
415,0,290,286,4
415,15.794176012277603,0,0,0
416,0,296,293,3
416,14.352383986115456,0,0,0
416,0,302,292,10
417,15.204351991415024,0,0,0
417,0,294,291,3
417,17.891327992081642,0,0,0
418,0,297,275,22
418,15.532031998038292,0,0,0